timestamp,datetime,comment-id,voter-id,vote
1687227474887,Tue Jun 20 02:17:54 UTC 2023,0,0,0
1687227516279,Tue Jun 20 02:18:36 UTC 2023,1,0,0
1687227523064,Tue Jun 20 02:18:43 UTC 2023,2,0,0
1687227530113,Tue Jun 20 02:18:50 UTC 2023,3,0,0
1687227583182,Tue Jun 20 02:19:43 UTC 2023,4,0,0
1687227589979,Tue Jun 20 02:19:49 UTC 2023,5,0,0
1687227596415,Tue Jun 20 02:19:56 UTC 2023,6,0,0
1687227602481,Tue Jun 20 02:20:02 UTC 2023,7,0,0
1687227609228,Tue Jun 20 02:20:09 UTC 2023,8,0,0
1687227632414,Tue Jun 20 02:20:32 UTC 2023,9,0,0
1687227637792,Tue Jun 20 02:20:37 UTC 2023,10,0,0
1687227645004,Tue Jun 20 02:20:45 UTC 2023,11,0,0
1687227652849,Tue Jun 20 02:20:52 UTC 2023,12,0,0
1687227658369,Tue Jun 20 02:20:58 UTC 2023,13,0,0
1687227665983,Tue Jun 20 02:21:05 UTC 2023,14,0,0
1687227671565,Tue Jun 20 02:21:11 UTC 2023,15,0,0
1687227679169,Tue Jun 20 02:21:19 UTC 2023,16,0,0
1687227684898,Tue Jun 20 02:21:24 UTC 2023,17,0,0
1687227691815,Tue Jun 20 02:21:31 UTC 2023,18,0,0
1687227698057,Tue Jun 20 02:21:38 UTC 2023,19,0,0
1687227703516,Tue Jun 20 02:21:43 UTC 2023,20,0,0
1687227709727,Tue Jun 20 02:21:49 UTC 2023,21,0,0
1687227715508,Tue Jun 20 02:21:55 UTC 2023,22,0,0
1687227722527,Tue Jun 20 02:22:02 UTC 2023,23,0,0
1687227728914,Tue Jun 20 02:22:08 UTC 2023,24,0,0
1687227736044,Tue Jun 20 02:22:16 UTC 2023,25,0,0
1687227744539,Tue Jun 20 02:22:24 UTC 2023,26,0,0
1687227749690,Tue Jun 20 02:22:29 UTC 2023,27,0,0
1687227755378,Tue Jun 20 02:22:35 UTC 2023,28,0,0
1687227761584,Tue Jun 20 02:22:41 UTC 2023,29,0,0
1687227767289,Tue Jun 20 02:22:47 UTC 2023,30,0,0
1687227777153,Tue Jun 20 02:22:57 UTC 2023,31,0,0
1687227783152,Tue Jun 20 02:23:03 UTC 2023,32,0,0
1687227789282,Tue Jun 20 02:23:09 UTC 2023,33,0,0
1687227798079,Tue Jun 20 02:23:18 UTC 2023,34,0,0
1687227804322,Tue Jun 20 02:23:24 UTC 2023,35,0,0
1687227812430,Tue Jun 20 02:23:32 UTC 2023,36,0,0
1687234626821,Tue Jun 20 04:17:06 UTC 2023,37,0,0
1687234636928,Tue Jun 20 04:17:16 UTC 2023,38,0,0
1687234649757,Tue Jun 20 04:17:29 UTC 2023,39,0,0
1687234660053,Tue Jun 20 04:17:40 UTC 2023,40,0,0
1687234669545,Tue Jun 20 04:17:49 UTC 2023,41,0,0
1687234681685,Tue Jun 20 04:18:01 UTC 2023,42,0,0
1687234698705,Tue Jun 20 04:18:18 UTC 2023,43,0,0
1687234707147,Tue Jun 20 04:18:27 UTC 2023,44,0,0
1687234716984,Tue Jun 20 04:18:36 UTC 2023,45,0,0
1687234735182,Tue Jun 20 04:18:55 UTC 2023,46,0,0
1687234751169,Tue Jun 20 04:19:11 UTC 2023,47,0,0
1687234759070,Tue Jun 20 04:19:19 UTC 2023,48,0,0
1687234770046,Tue Jun 20 04:19:30 UTC 2023,49,0,0
1687234781496,Tue Jun 20 04:19:41 UTC 2023,50,0,0
1687234793619,Tue Jun 20 04:19:53 UTC 2023,51,0,0
1687234849421,Tue Jun 20 04:20:49 UTC 2023,52,0,0
1687234857767,Tue Jun 20 04:20:57 UTC 2023,53,0,0
1687234866215,Tue Jun 20 04:21:06 UTC 2023,54,0,0
1687234874374,Tue Jun 20 04:21:14 UTC 2023,55,0,0
1687234881990,Tue Jun 20 04:21:21 UTC 2023,56,0,0
1687234891417,Tue Jun 20 04:21:31 UTC 2023,57,0,0
1687234901741,Tue Jun 20 04:21:41 UTC 2023,58,0,0
1687234931831,Tue Jun 20 04:22:11 UTC 2023,59,0,0
1687234940871,Tue Jun 20 04:22:20 UTC 2023,60,0,0
1687234951177,Tue Jun 20 04:22:31 UTC 2023,61,0,0
1687234958053,Tue Jun 20 04:22:38 UTC 2023,62,0,0
1687234966622,Tue Jun 20 04:22:46 UTC 2023,63,0,0
1687234974512,Tue Jun 20 04:22:54 UTC 2023,64,0,0
1687234982019,Tue Jun 20 04:23:02 UTC 2023,65,0,0
1687234992769,Tue Jun 20 04:23:12 UTC 2023,66,0,0
1687235002252,Tue Jun 20 04:23:22 UTC 2023,67,0,0
1687235010489,Tue Jun 20 04:23:30 UTC 2023,68,0,0
1687235018639,Tue Jun 20 04:23:38 UTC 2023,69,0,0
1687235029394,Tue Jun 20 04:23:49 UTC 2023,70,0,0
1687242806966,Tue Jun 20 06:33:26 UTC 2023,57,1,1
1687242817304,Tue Jun 20 06:33:37 UTC 2023,70,1,-1
1687242836446,Tue Jun 20 06:33:56 UTC 2023,60,1,-1
1687242840038,Tue Jun 20 06:34:00 UTC 2023,45,1,1
1687242849302,Tue Jun 20 06:34:09 UTC 2023,62,1,1
1687242856216,Tue Jun 20 06:34:16 UTC 2023,42,1,1
1687242867589,Tue Jun 20 06:34:27 UTC 2023,10,1,1
1687242871868,Tue Jun 20 06:34:31 UTC 2023,24,1,1
1687242876267,Tue Jun 20 06:34:36 UTC 2023,56,1,0
1687242883510,Tue Jun 20 06:34:43 UTC 2023,64,1,1
1687243093634,Tue Jun 20 06:38:13 UTC 2023,47,1,-1
1687243097892,Tue Jun 20 06:38:17 UTC 2023,40,1,1
1687243106875,Tue Jun 20 06:38:26 UTC 2023,61,1,-1
1687243113659,Tue Jun 20 06:38:33 UTC 2023,43,1,1
1687243117301,Tue Jun 20 06:38:37 UTC 2023,58,1,1
1687243125739,Tue Jun 20 06:38:45 UTC 2023,6,1,1
1687243128444,Tue Jun 20 06:38:48 UTC 2023,48,1,1
1687243136180,Tue Jun 20 06:38:56 UTC 2023,63,1,1
1687243147089,Tue Jun 20 06:39:07 UTC 2023,67,1,1
1687243150155,Tue Jun 20 06:39:10 UTC 2023,65,1,1
1687243152505,Tue Jun 20 06:39:12 UTC 2023,59,1,1
1687243156284,Tue Jun 20 06:39:16 UTC 2023,68,1,1
1687243160734,Tue Jun 20 06:39:20 UTC 2023,44,1,1
1687243171461,Tue Jun 20 06:39:31 UTC 2023,49,1,1
1687243215227,Tue Jun 20 06:40:15 UTC 2023,51,1,1
1687243395763,Tue Jun 20 06:43:15 UTC 2023,53,1,-1
1687243399786,Tue Jun 20 06:43:19 UTC 2023,52,1,1
1687243429418,Tue Jun 20 06:43:49 UTC 2023,39,1,1
1687243433633,Tue Jun 20 06:43:53 UTC 2023,41,1,1
1687243438200,Tue Jun 20 06:43:58 UTC 2023,46,1,1
1687243441036,Tue Jun 20 06:44:01 UTC 2023,55,1,1
1687243443649,Tue Jun 20 06:44:03 UTC 2023,66,1,1
1687243446380,Tue Jun 20 06:44:06 UTC 2023,50,1,1
1687243456129,Tue Jun 20 06:44:16 UTC 2023,69,1,1
1687243461676,Tue Jun 20 06:44:21 UTC 2023,54,1,1
1687243464232,Tue Jun 20 06:44:24 UTC 2023,37,1,1
1687243466478,Tue Jun 20 06:44:26 UTC 2023,38,1,1
1687243802200,Tue Jun 20 06:50:02 UTC 2023,6,2,1
1687243805059,Tue Jun 20 06:50:05 UTC 2023,24,2,1
1687243805741,Tue Jun 20 06:50:05 UTC 2023,60,2,1
1687243806385,Tue Jun 20 06:50:06 UTC 2023,37,2,1
1687243806917,Tue Jun 20 06:50:06 UTC 2023,40,2,1
1687243807454,Tue Jun 20 06:50:07 UTC 2023,38,2,1
1687243807939,Tue Jun 20 06:50:07 UTC 2023,43,2,1
1687243808443,Tue Jun 20 06:50:08 UTC 2023,46,2,1
1687243808950,Tue Jun 20 06:50:08 UTC 2023,62,2,1
1687243809446,Tue Jun 20 06:50:09 UTC 2023,52,2,1
1687243809935,Tue Jun 20 06:50:09 UTC 2023,66,2,1
1687243810423,Tue Jun 20 06:50:10 UTC 2023,65,2,1
1687243810924,Tue Jun 20 06:50:10 UTC 2023,53,2,1
1687243811425,Tue Jun 20 06:50:11 UTC 2023,67,2,1
1687243811950,Tue Jun 20 06:50:11 UTC 2023,50,2,1
1687243812422,Tue Jun 20 06:50:12 UTC 2023,41,2,1
1687243812936,Tue Jun 20 06:50:12 UTC 2023,59,2,1
1687243813405,Tue Jun 20 06:50:13 UTC 2023,45,2,1
1687243813888,Tue Jun 20 06:50:13 UTC 2023,69,2,1
1687243814358,Tue Jun 20 06:50:14 UTC 2023,42,2,1
1687243814847,Tue Jun 20 06:50:14 UTC 2023,63,2,1
1687243815307,Tue Jun 20 06:50:15 UTC 2023,51,2,1
1687243815786,Tue Jun 20 06:50:15 UTC 2023,61,2,1
1687243816262,Tue Jun 20 06:50:16 UTC 2023,10,2,1
1687243816764,Tue Jun 20 06:50:16 UTC 2023,44,2,1
1687243817242,Tue Jun 20 06:50:17 UTC 2023,48,2,1
1687243817814,Tue Jun 20 06:50:17 UTC 2023,58,2,1
1687243818264,Tue Jun 20 06:50:18 UTC 2023,64,2,1
1687243818782,Tue Jun 20 06:50:18 UTC 2023,68,2,1
1687243819235,Tue Jun 20 06:50:19 UTC 2023,39,2,1
1687243820070,Tue Jun 20 06:50:20 UTC 2023,49,2,1
1687243820586,Tue Jun 20 06:50:20 UTC 2023,54,2,1
1687243821032,Tue Jun 20 06:50:21 UTC 2023,47,2,1
1687243821496,Tue Jun 20 06:50:21 UTC 2023,55,2,1
1687243821975,Tue Jun 20 06:50:21 UTC 2023,57,2,1
1687243822406,Tue Jun 20 06:50:22 UTC 2023,70,2,1
1687243822848,Tue Jun 20 06:50:22 UTC 2023,56,2,1
1687329920782,Wed Jun 21 06:45:20 UTC 2023,49,3,1
1687329921764,Wed Jun 21 06:45:21 UTC 2023,70,3,-1
1687329924002,Wed Jun 21 06:45:24 UTC 2023,55,3,0
1687329927979,Wed Jun 21 06:45:27 UTC 2023,61,3,1
1687329928557,Wed Jun 21 06:45:28 UTC 2023,10,3,-1
1687329929686,Wed Jun 21 06:45:29 UTC 2023,41,3,-1
1687329930319,Wed Jun 21 06:45:30 UTC 2023,47,3,0
1687329931386,Wed Jun 21 06:45:31 UTC 2023,40,3,1
1687329932027,Wed Jun 21 06:45:32 UTC 2023,54,3,-1
1687329933676,Wed Jun 21 06:45:33 UTC 2023,60,3,-1
1687329934214,Wed Jun 21 06:45:34 UTC 2023,38,3,1
1687329934381,Wed Jun 21 06:45:34 UTC 2023,38,3,1
1687329934882,Wed Jun 21 06:45:34 UTC 2023,53,3,1
1687329935024,Wed Jun 21 06:45:35 UTC 2023,53,3,1
1687329935161,Wed Jun 21 06:45:35 UTC 2023,53,3,1
1687329935304,Wed Jun 21 06:45:35 UTC 2023,57,3,1
1687329935448,Wed Jun 21 06:45:35 UTC 2023,67,3,1
1687329935715,Wed Jun 21 06:45:35 UTC 2023,39,3,1
1687329935731,Wed Jun 21 06:45:35 UTC 2023,39,3,1
1687329936014,Wed Jun 21 06:45:36 UTC 2023,43,3,1
1687329936171,Wed Jun 21 06:45:36 UTC 2023,50,3,1
1687329936310,Wed Jun 21 06:45:36 UTC 2023,50,3,1
1687329936610,Wed Jun 21 06:45:36 UTC 2023,42,3,1
1687329936757,Wed Jun 21 06:45:36 UTC 2023,69,3,1
1687329936911,Wed Jun 21 06:45:36 UTC 2023,69,3,1
1687329937458,Wed Jun 21 06:45:37 UTC 2023,37,3,1
1687329937624,Wed Jun 21 06:45:37 UTC 2023,37,3,1
1687329938148,Wed Jun 21 06:45:38 UTC 2023,44,3,1
1687329938944,Wed Jun 21 06:45:38 UTC 2023,6,3,1
1687329939147,Wed Jun 21 06:45:39 UTC 2023,6,3,1
1687329939555,Wed Jun 21 06:45:39 UTC 2023,65,3,1
1687329939722,Wed Jun 21 06:45:39 UTC 2023,65,3,1
1687329940244,Wed Jun 21 06:45:40 UTC 2023,56,3,1
1687329940511,Wed Jun 21 06:45:40 UTC 2023,56,3,1
1687329940831,Wed Jun 21 06:45:40 UTC 2023,45,3,1
1687329941077,Wed Jun 21 06:45:41 UTC 2023,51,3,1
1687329941308,Wed Jun 21 06:45:41 UTC 2023,58,3,1
1687329941525,Wed Jun 21 06:45:41 UTC 2023,58,3,1
1687329942017,Wed Jun 21 06:45:42 UTC 2023,52,3,1
1687329942229,Wed Jun 21 06:45:42 UTC 2023,52,3,1
1687329942752,Wed Jun 21 06:45:42 UTC 2023,66,3,1
1687329944939,Wed Jun 21 06:45:44 UTC 2023,64,3,1
1687329945138,Wed Jun 21 06:45:45 UTC 2023,64,3,1
1687329945380,Wed Jun 21 06:45:45 UTC 2023,48,3,1
1687329945668,Wed Jun 21 06:45:45 UTC 2023,59,3,1
1687329945891,Wed Jun 21 06:45:45 UTC 2023,46,3,1
1687329946120,Wed Jun 21 06:45:46 UTC 2023,62,3,1
1687329946552,Wed Jun 21 06:45:46 UTC 2023,24,3,1
1687329946739,Wed Jun 21 06:45:46 UTC 2023,24,3,1
1687329947468,Wed Jun 21 06:45:47 UTC 2023,68,3,1
1687329948467,Wed Jun 21 06:45:48 UTC 2023,63,3,1
1687875500192,Tue Jun 27 14:18:20 UTC 2023,47,4,1
1687875550349,Tue Jun 27 14:19:10 UTC 2023,10,4,1
1687875555858,Tue Jun 27 14:19:15 UTC 2023,59,4,1
1687875558247,Tue Jun 27 14:19:18 UTC 2023,70,4,1
1687875559341,Tue Jun 27 14:19:19 UTC 2023,66,4,1
1687875560652,Tue Jun 27 14:19:20 UTC 2023,60,4,1
1687875565300,Tue Jun 27 14:19:25 UTC 2023,54,4,1
1687875567313,Tue Jun 27 14:19:27 UTC 2023,39,4,1
1687875568385,Tue Jun 27 14:19:28 UTC 2023,67,4,1
1687875569297,Tue Jun 27 14:19:29 UTC 2023,65,4,1
1687875571700,Tue Jun 27 14:19:31 UTC 2023,45,4,1
1687875572750,Tue Jun 27 14:19:32 UTC 2023,50,4,1
1687875574263,Tue Jun 27 14:19:34 UTC 2023,6,4,1
1687875577521,Tue Jun 27 14:19:37 UTC 2023,63,4,1
1687875578745,Tue Jun 27 14:19:38 UTC 2023,44,4,1
1687876159407,Tue Jun 27 14:29:19 UTC 2023,46,4,-1
1687876165080,Tue Jun 27 14:29:25 UTC 2023,40,4,1
1688106084658,Fri Jun 30 06:21:24 UTC 2023,54,5,1
1688106086285,Fri Jun 30 06:21:26 UTC 2023,38,5,-1
1688106087045,Fri Jun 30 06:21:27 UTC 2023,46,5,1
1688106089574,Fri Jun 30 06:21:29 UTC 2023,59,5,1
1688106091226,Fri Jun 30 06:21:31 UTC 2023,62,5,-1
1688106092360,Fri Jun 30 06:21:32 UTC 2023,70,5,0
1688108474720,Fri Jun 30 07:01:14 UTC 2023,24,6,1
1688108477877,Fri Jun 30 07:01:17 UTC 2023,45,6,1
1688108481042,Fri Jun 30 07:01:21 UTC 2023,39,6,1
1688108492673,Fri Jun 30 07:01:32 UTC 2023,60,6,0
1688108501384,Fri Jun 30 07:01:41 UTC 2023,42,6,1
1688108507929,Fri Jun 30 07:01:47 UTC 2023,54,6,1
1688108516326,Fri Jun 30 07:01:56 UTC 2023,67,6,-1
1688108519542,Fri Jun 30 07:01:59 UTC 2023,70,6,-1
1688108523944,Fri Jun 30 07:02:03 UTC 2023,57,6,-1
1688108539401,Fri Jun 30 07:02:19 UTC 2023,66,6,1
1688108545994,Fri Jun 30 07:02:25 UTC 2023,63,6,1
1688108547251,Fri Jun 30 07:02:27 UTC 2023,58,6,1
1688108548230,Fri Jun 30 07:02:28 UTC 2023,38,6,1
1688108549251,Fri Jun 30 07:02:29 UTC 2023,6,6,1
1688108550380,Fri Jun 30 07:02:30 UTC 2023,41,6,1
1688108551818,Fri Jun 30 07:02:31 UTC 2023,50,6,1
1688108552882,Fri Jun 30 07:02:32 UTC 2023,10,6,1
1688108704469,Fri Jun 30 07:05:04 UTC 2023,47,6,-1
1688108715725,Fri Jun 30 07:05:15 UTC 2023,53,6,1
1688108727262,Fri Jun 30 07:05:27 UTC 2023,49,6,-1
1688108735586,Fri Jun 30 07:05:35 UTC 2023,62,6,1
1688108739162,Fri Jun 30 07:05:39 UTC 2023,37,6,1
1688108742498,Fri Jun 30 07:05:42 UTC 2023,46,6,1
1688108744404,Fri Jun 30 07:05:44 UTC 2023,40,6,1
1688108747427,Fri Jun 30 07:05:47 UTC 2023,51,6,1
1688108749231,Fri Jun 30 07:05:49 UTC 2023,59,6,1
1688108776701,Fri Jun 30 07:06:16 UTC 2023,68,6,1
1688108779823,Fri Jun 30 07:06:19 UTC 2023,44,6,1
1688108781116,Fri Jun 30 07:06:21 UTC 2023,43,6,1
1688108782230,Fri Jun 30 07:06:22 UTC 2023,61,6,1
1688108785257,Fri Jun 30 07:06:25 UTC 2023,69,6,1
1688108787132,Fri Jun 30 07:06:27 UTC 2023,65,6,1
1688108796274,Fri Jun 30 07:06:36 UTC 2023,64,6,1
1688108799758,Fri Jun 30 07:06:39 UTC 2023,48,6,1
1688108804754,Fri Jun 30 07:06:44 UTC 2023,52,6,1
1688108810512,Fri Jun 30 07:06:50 UTC 2023,56,6,-1
1688108814488,Fri Jun 30 07:06:54 UTC 2023,55,6,1
1688116597603,Fri Jun 30 09:16:37 UTC 2023,57,5,1
1688116598371,Fri Jun 30 09:16:38 UTC 2023,53,5,-1
1688116629014,Fri Jun 30 09:17:09 UTC 2023,49,5,1
1688116630107,Fri Jun 30 09:17:10 UTC 2023,55,5,-1
1688116631364,Fri Jun 30 09:17:11 UTC 2023,69,5,-1
1688116632190,Fri Jun 30 09:17:12 UTC 2023,56,5,-1
1688116633803,Fri Jun 30 09:17:13 UTC 2023,47,5,1
1688116634455,Fri Jun 30 09:17:14 UTC 2023,41,5,1
1688116635082,Fri Jun 30 09:17:15 UTC 2023,45,5,1
1688116635550,Fri Jun 30 09:17:15 UTC 2023,63,5,1
1688116636056,Fri Jun 30 09:17:16 UTC 2023,24,5,1
1688116636546,Fri Jun 30 09:17:16 UTC 2023,6,5,1
1688116637030,Fri Jun 30 09:17:17 UTC 2023,44,5,1
1688116637529,Fri Jun 30 09:17:17 UTC 2023,39,5,1
1688116637925,Fri Jun 30 09:17:17 UTC 2023,67,5,1
1688116638618,Fri Jun 30 09:17:18 UTC 2023,52,5,1
1688116638871,Fri Jun 30 09:17:18 UTC 2023,52,5,1
1688116639177,Fri Jun 30 09:17:19 UTC 2023,65,5,1
1688116639441,Fri Jun 30 09:17:19 UTC 2023,10,5,1
1688116639704,Fri Jun 30 09:17:19 UTC 2023,68,5,1
1688116639919,Fri Jun 30 09:17:19 UTC 2023,50,5,1
1688116640124,Fri Jun 30 09:17:20 UTC 2023,42,5,1
1688116640324,Fri Jun 30 09:17:20 UTC 2023,60,5,1
1688116640506,Fri Jun 30 09:17:20 UTC 2023,51,5,1
1688116641038,Fri Jun 30 09:17:21 UTC 2023,40,5,1
1688116641216,Fri Jun 30 09:17:21 UTC 2023,40,5,1
1688116641849,Fri Jun 30 09:17:21 UTC 2023,43,5,1
1688116642135,Fri Jun 30 09:17:22 UTC 2023,43,5,1
1688116642606,Fri Jun 30 09:17:22 UTC 2023,64,5,1
1688116643190,Fri Jun 30 09:17:23 UTC 2023,37,5,1
1688116644645,Fri Jun 30 09:17:24 UTC 2023,66,5,1
1688116644914,Fri Jun 30 09:17:24 UTC 2023,66,5,1
1688116645579,Fri Jun 30 09:17:25 UTC 2023,48,5,1
1688116646084,Fri Jun 30 09:17:26 UTC 2023,61,5,1
1688116646345,Fri Jun 30 09:17:26 UTC 2023,61,5,1
1688116646598,Fri Jun 30 09:17:26 UTC 2023,58,5,1
1688116646826,Fri Jun 30 09:17:26 UTC 2023,58,5,1
1688123440921,Fri Jun 30 11:10:40 UTC 2023,45,7,1
1688123441891,Fri Jun 30 11:10:41 UTC 2023,42,7,1
1688127429712,Fri Jun 30 12:17:09 UTC 2023,55,7,1
1688127431019,Fri Jun 30 12:17:11 UTC 2023,43,7,1
1688133330129,Fri Jun 30 13:55:30 UTC 2023,39,8,1
1688133331020,Fri Jun 30 13:55:31 UTC 2023,69,8,1
1688133331809,Fri Jun 30 13:55:31 UTC 2023,53,8,1
1688133332636,Fri Jun 30 13:55:32 UTC 2023,43,8,-1
1688133333186,Fri Jun 30 13:55:33 UTC 2023,49,8,-1
1688133334371,Fri Jun 30 13:55:34 UTC 2023,47,8,0
1688133334944,Fri Jun 30 13:55:34 UTC 2023,41,8,0
1688133350946,Fri Jun 30 13:55:50 UTC 2023,66,8,-1
1688133352967,Fri Jun 30 13:55:52 UTC 2023,62,8,1
1688133353728,Fri Jun 30 13:55:53 UTC 2023,40,8,1
1688133354437,Fri Jun 30 13:55:54 UTC 2023,38,8,0
1688133354895,Fri Jun 30 13:55:54 UTC 2023,61,8,0
1688133355242,Fri Jun 30 13:55:55 UTC 2023,61,8,0
1688133355502,Fri Jun 30 13:55:55 UTC 2023,59,8,0
1688133355664,Fri Jun 30 13:55:55 UTC 2023,10,8,0
1688133355840,Fri Jun 30 13:55:55 UTC 2023,10,8,0
1688133356007,Fri Jun 30 13:55:56 UTC 2023,44,8,0
1688133356171,Fri Jun 30 13:55:56 UTC 2023,60,8,0
1688133356466,Fri Jun 30 13:55:56 UTC 2023,51,8,0
1688133356785,Fri Jun 30 13:55:56 UTC 2023,57,8,0
1688133356787,Fri Jun 30 13:55:56 UTC 2023,63,8,0
1688133357098,Fri Jun 30 13:55:57 UTC 2023,54,8,0
1688133357282,Fri Jun 30 13:55:57 UTC 2023,45,8,0
1688133357385,Fri Jun 30 13:55:57 UTC 2023,54,8,0
1688133357428,Fri Jun 30 13:55:57 UTC 2023,45,8,0
1688133357617,Fri Jun 30 13:55:57 UTC 2023,46,8,0
1688133357736,Fri Jun 30 13:55:57 UTC 2023,65,8,0
1688133357920,Fri Jun 30 13:55:57 UTC 2023,55,8,0
1688133358076,Fri Jun 30 13:55:58 UTC 2023,42,8,0
1688133358307,Fri Jun 30 13:55:58 UTC 2023,58,8,0
1688133358421,Fri Jun 30 13:55:58 UTC 2023,42,8,0
1688133358594,Fri Jun 30 13:55:58 UTC 2023,24,8,0
1688133358761,Fri Jun 30 13:55:58 UTC 2023,48,8,0
1688133358933,Fri Jun 30 13:55:58 UTC 2023,64,8,0
1688133359085,Fri Jun 30 13:55:59 UTC 2023,50,8,0
1688133359256,Fri Jun 30 13:55:59 UTC 2023,6,8,0
1688133359430,Fri Jun 30 13:55:59 UTC 2023,56,8,0
1688133359598,Fri Jun 30 13:55:59 UTC 2023,68,8,0
1688133359763,Fri Jun 30 13:55:59 UTC 2023,52,8,0
1688133359923,Fri Jun 30 13:55:59 UTC 2023,37,8,0
1688133360063,Fri Jun 30 13:56:00 UTC 2023,52,8,0
1688133360242,Fri Jun 30 13:56:00 UTC 2023,67,8,0
1688133360415,Fri Jun 30 13:56:00 UTC 2023,67,8,0
1688133360585,Fri Jun 30 13:56:00 UTC 2023,67,8,0
1688133360752,Fri Jun 30 13:56:00 UTC 2023,70,8,0
1688133882177,Fri Jun 30 14:04:42 UTC 2023,47,9,1
1688133882948,Fri Jun 30 14:04:42 UTC 2023,66,9,1
1688133883627,Fri Jun 30 14:04:43 UTC 2023,67,9,1
1688133891553,Fri Jun 30 14:04:51 UTC 2023,10,9,1
1688133891879,Fri Jun 30 14:04:51 UTC 2023,10,9,1
1688133900123,Fri Jun 30 14:05:00 UTC 2023,76,9,1
1688133901217,Fri Jun 30 14:05:01 UTC 2023,58,9,1
1688134584031,Fri Jun 30 14:16:24 UTC 2023,69,9,1
1688134584241,Fri Jun 30 14:16:24 UTC 2023,69,9,1
1688136833576,Fri Jun 30 14:53:53 UTC 2023,49,10,1
1688136904007,Fri Jun 30 14:55:04 UTC 2023,60,10,0
1688136931733,Fri Jun 30 14:55:31 UTC 2023,41,10,-1
1688136940669,Fri Jun 30 14:55:40 UTC 2023,38,10,1
1688136947696,Fri Jun 30 14:55:47 UTC 2023,48,10,1
1688136951190,Fri Jun 30 14:55:51 UTC 2023,61,10,1
1688136964397,Fri Jun 30 14:56:04 UTC 2023,69,10,1
1688136967456,Fri Jun 30 14:56:07 UTC 2023,45,10,1
1688136978540,Fri Jun 30 14:56:18 UTC 2023,64,10,1
1688136984257,Fri Jun 30 14:56:24 UTC 2023,42,10,1
1688136990487,Fri Jun 30 14:56:30 UTC 2023,55,10,1
1688136995995,Fri Jun 30 14:56:35 UTC 2023,76,10,0
1688137021331,Fri Jun 30 14:57:01 UTC 2023,47,10,0
1688137029717,Fri Jun 30 14:57:09 UTC 2023,53,10,1
1688137034367,Fri Jun 30 14:57:14 UTC 2023,59,10,0
1688137040565,Fri Jun 30 14:57:20 UTC 2023,62,10,1
1688137046167,Fri Jun 30 14:57:26 UTC 2023,70,10,-1
1688137049102,Fri Jun 30 14:57:29 UTC 2023,40,10,1
1688137054313,Fri Jun 30 14:57:34 UTC 2023,37,10,1
1688137068925,Fri Jun 30 14:57:48 UTC 2023,10,10,1
1688137217486,Fri Jun 30 15:00:17 UTC 2023,44,10,1
1688138892928,Fri Jun 30 15:28:12 UTC 2023,58,10,1
1688138903470,Fri Jun 30 15:28:23 UTC 2023,52,10,0
1688138908915,Fri Jun 30 15:28:28 UTC 2023,50,10,1
1688138963521,Fri Jun 30 15:29:23 UTC 2023,57,10,1
1688138977108,Fri Jun 30 15:29:37 UTC 2023,51,10,1
1688138979849,Fri Jun 30 15:29:39 UTC 2023,63,10,1
1688138991748,Fri Jun 30 15:29:51 UTC 2023,66,10,1
1688138999012,Fri Jun 30 15:29:59 UTC 2023,43,10,1
1688139005040,Fri Jun 30 15:30:05 UTC 2023,39,10,0
1688139009263,Fri Jun 30 15:30:09 UTC 2023,54,10,1
1688140670802,Fri Jun 30 15:57:50 UTC 2023,49,7,1
1688140673830,Fri Jun 30 15:57:53 UTC 2023,53,7,0
1688140891044,Fri Jun 30 16:01:31 UTC 2023,53,9,1
1688140892095,Fri Jun 30 16:01:32 UTC 2023,56,9,1
1688140892872,Fri Jun 30 16:01:32 UTC 2023,38,9,1
1688140893638,Fri Jun 30 16:01:33 UTC 2023,46,9,1
1688146354886,Fri Jun 30 17:32:34 UTC 2023,54,7,1
1688146356745,Fri Jun 30 17:32:36 UTC 2023,44,7,1
1688146358065,Fri Jun 30 17:32:38 UTC 2023,6,7,1
1688146366237,Fri Jun 30 17:32:46 UTC 2023,76,7,0
1688146547254,Fri Jun 30 17:35:47 UTC 2023,49,9,1
1688146548895,Fri Jun 30 17:35:48 UTC 2023,60,9,1
1688146550175,Fri Jun 30 17:35:50 UTC 2023,61,9,1
1688146551915,Fri Jun 30 17:35:51 UTC 2023,51,9,1
1688146553440,Fri Jun 30 17:35:53 UTC 2023,40,9,1
1688146555350,Fri Jun 30 17:35:55 UTC 2023,55,9,1
1688146561023,Fri Jun 30 17:36:01 UTC 2023,68,9,1
1688155289439,Fri Jun 30 20:01:29 UTC 2023,57,11,-1
1688155291764,Fri Jun 30 20:01:31 UTC 2023,69,11,1
1688155293581,Fri Jun 30 20:01:33 UTC 2023,37,11,1
1688155305826,Fri Jun 30 20:01:45 UTC 2023,66,11,1
1688179378624,Sat Jul 01 02:42:58 UTC 2023,68,12,1
1688179389046,Sat Jul 01 02:43:09 UTC 2023,38,12,0
1688179394277,Sat Jul 01 02:43:14 UTC 2023,52,12,1
1688179408739,Sat Jul 01 02:43:28 UTC 2023,43,12,1
1688179414830,Sat Jul 01 02:43:34 UTC 2023,6,12,0
1688179423330,Sat Jul 01 02:43:43 UTC 2023,66,12,1
1688179437892,Sat Jul 01 02:43:57 UTC 2023,24,12,1
1688179444606,Sat Jul 01 02:44:04 UTC 2023,62,12,0
1688179454368,Sat Jul 01 02:44:14 UTC 2023,48,12,0
1688179479206,Sat Jul 01 02:44:39 UTC 2023,69,12,1
1688179485468,Sat Jul 01 02:44:45 UTC 2023,42,12,0
1688179488447,Sat Jul 01 02:44:48 UTC 2023,54,12,1
1688179492744,Sat Jul 01 02:44:52 UTC 2023,10,12,1
1688179497366,Sat Jul 01 02:44:57 UTC 2023,58,12,1
1688179506180,Sat Jul 01 02:45:06 UTC 2023,57,12,1
1688179512802,Sat Jul 01 02:45:12 UTC 2023,40,12,1
1688179516584,Sat Jul 01 02:45:16 UTC 2023,49,12,0
1688179523361,Sat Jul 01 02:45:23 UTC 2023,44,12,1
1688179539645,Sat Jul 01 02:45:39 UTC 2023,60,12,0
1688179545805,Sat Jul 01 02:45:45 UTC 2023,45,12,1
1688179551067,Sat Jul 01 02:45:51 UTC 2023,70,12,1
1688179553716,Sat Jul 01 02:45:53 UTC 2023,53,12,1
1688179559531,Sat Jul 01 02:45:59 UTC 2023,64,12,1
1688179572200,Sat Jul 01 02:46:12 UTC 2023,47,12,1
1688179575279,Sat Jul 01 02:46:15 UTC 2023,46,12,1
1688179583784,Sat Jul 01 02:46:23 UTC 2023,41,12,0
1688179589420,Sat Jul 01 02:46:29 UTC 2023,39,12,1
1688179591669,Sat Jul 01 02:46:31 UTC 2023,67,12,1
1688179594819,Sat Jul 01 02:46:34 UTC 2023,63,12,1
1688179601052,Sat Jul 01 02:46:41 UTC 2023,61,12,0
1688179607461,Sat Jul 01 02:46:47 UTC 2023,51,12,-1
1688179615846,Sat Jul 01 02:46:55 UTC 2023,55,12,1
1688179620342,Sat Jul 01 02:47:00 UTC 2023,59,12,1
1688179626723,Sat Jul 01 02:47:06 UTC 2023,65,12,0
1688179630865,Sat Jul 01 02:47:10 UTC 2023,37,12,1
1688179658469,Sat Jul 01 02:47:38 UTC 2023,50,12,1
1688179661504,Sat Jul 01 02:47:41 UTC 2023,56,12,1
1688179674358,Sat Jul 01 02:47:54 UTC 2023,76,12,-1
1688182173134,Sat Jul 01 03:29:33 UTC 2023,46,13,1
1688182176306,Sat Jul 01 03:29:36 UTC 2023,63,13,1
1688182180150,Sat Jul 01 03:29:40 UTC 2023,53,13,0
1688182182236,Sat Jul 01 03:29:42 UTC 2023,62,13,1
1688182189110,Sat Jul 01 03:29:49 UTC 2023,70,13,-1
1688182197806,Sat Jul 01 03:29:57 UTC 2023,42,13,1
1688182200483,Sat Jul 01 03:30:00 UTC 2023,69,13,1
1688182202764,Sat Jul 01 03:30:02 UTC 2023,44,13,1
1688182207667,Sat Jul 01 03:30:07 UTC 2023,38,13,1
1688182209493,Sat Jul 01 03:30:09 UTC 2023,66,13,1
1688182213298,Sat Jul 01 03:30:13 UTC 2023,37,13,1
1688182216988,Sat Jul 01 03:30:16 UTC 2023,49,13,1
1688182249087,Sat Jul 01 03:30:49 UTC 2023,6,13,-1
1688182251309,Sat Jul 01 03:30:51 UTC 2023,55,13,1
1688182253258,Sat Jul 01 03:30:53 UTC 2023,64,13,1
1688182254981,Sat Jul 01 03:30:54 UTC 2023,68,13,1
1688182256437,Sat Jul 01 03:30:56 UTC 2023,65,13,1
1688182258247,Sat Jul 01 03:30:58 UTC 2023,54,13,1
1688182259898,Sat Jul 01 03:30:59 UTC 2023,43,13,1
1688182261564,Sat Jul 01 03:31:01 UTC 2023,39,13,1
1688182263118,Sat Jul 01 03:31:03 UTC 2023,51,13,0
1688182264394,Sat Jul 01 03:31:04 UTC 2023,61,13,1
1688182265814,Sat Jul 01 03:31:05 UTC 2023,50,13,1
1688185269627,Sat Jul 01 04:21:09 UTC 2023,57,14,-1
1688185289884,Sat Jul 01 04:21:29 UTC 2023,49,14,0
1688185295284,Sat Jul 01 04:21:35 UTC 2023,58,14,-1
1688185303822,Sat Jul 01 04:21:43 UTC 2023,70,14,-1
1688185309039,Sat Jul 01 04:21:49 UTC 2023,61,14,1
1688185322263,Sat Jul 01 04:22:02 UTC 2023,44,14,1
1688185327780,Sat Jul 01 04:22:07 UTC 2023,38,14,1
1688185331379,Sat Jul 01 04:22:11 UTC 2023,45,14,1
1688185344667,Sat Jul 01 04:22:24 UTC 2023,62,14,-1
1688185349602,Sat Jul 01 04:22:29 UTC 2023,67,14,-1
1688185364781,Sat Jul 01 04:22:44 UTC 2023,41,14,1
1688185369524,Sat Jul 01 04:22:49 UTC 2023,53,14,-1
1688185377313,Sat Jul 01 04:22:57 UTC 2023,37,14,1
1688185380889,Sat Jul 01 04:23:00 UTC 2023,60,14,1
1688185399768,Sat Jul 01 04:23:19 UTC 2023,47,14,1
1688185408369,Sat Jul 01 04:23:28 UTC 2023,43,14,0
1688185412156,Sat Jul 01 04:23:32 UTC 2023,59,14,1
1688185424306,Sat Jul 01 04:23:44 UTC 2023,51,14,1
1688185427240,Sat Jul 01 04:23:47 UTC 2023,65,14,1
1688185434494,Sat Jul 01 04:23:54 UTC 2023,48,14,1
1688185438400,Sat Jul 01 04:23:58 UTC 2023,66,14,-1
1688185444856,Sat Jul 01 04:24:04 UTC 2023,55,14,1
1688185448193,Sat Jul 01 04:24:08 UTC 2023,40,14,1
1688185467283,Sat Jul 01 04:24:27 UTC 2023,46,14,-1
1688185527012,Sat Jul 01 04:25:27 UTC 2023,76,14,0
1688186268887,Sat Jul 01 04:37:48 UTC 2023,39,14,1
1688186285696,Sat Jul 01 04:38:05 UTC 2023,24,14,1
1688186295138,Sat Jul 01 04:38:15 UTC 2023,50,14,-1
1688186306078,Sat Jul 01 04:38:26 UTC 2023,10,14,-1
1688186311531,Sat Jul 01 04:38:31 UTC 2023,54,14,-1
1688186320851,Sat Jul 01 04:38:40 UTC 2023,56,14,0
1688186329793,Sat Jul 01 04:38:49 UTC 2023,6,14,-1
1688186353734,Sat Jul 01 04:39:13 UTC 2023,68,14,1
1688186368940,Sat Jul 01 04:39:28 UTC 2023,52,14,1
1688186374975,Sat Jul 01 04:39:34 UTC 2023,63,14,0
1688186382488,Sat Jul 01 04:39:42 UTC 2023,42,14,-1
1688186397592,Sat Jul 01 04:39:57 UTC 2023,69,14,1
1688186405594,Sat Jul 01 04:40:05 UTC 2023,64,14,1
1688186890925,Sat Jul 01 04:48:10 UTC 2023,67,15,-1
1688186895254,Sat Jul 01 04:48:15 UTC 2023,45,15,1
1688186897089,Sat Jul 01 04:48:17 UTC 2023,37,15,1
1688186899305,Sat Jul 01 04:48:19 UTC 2023,59,15,1
1688186902885,Sat Jul 01 04:48:22 UTC 2023,58,15,0
1688194618442,Sat Jul 01 06:56:58 UTC 2023,53,16,-1
1688194623195,Sat Jul 01 06:57:03 UTC 2023,58,16,0
1688215026103,Sat Jul 01 12:37:06 UTC 2023,67,17,-1
1688230211971,Sat Jul 01 16:50:11 UTC 2023,24,18,1
1688230213536,Sat Jul 01 16:50:13 UTC 2023,38,18,1
1688230216160,Sat Jul 01 16:50:16 UTC 2023,49,18,1
1688230218841,Sat Jul 01 16:50:18 UTC 2023,57,18,-1
1688230221791,Sat Jul 01 16:50:21 UTC 2023,67,18,-1
1688230223548,Sat Jul 01 16:50:23 UTC 2023,55,18,1
1688230225996,Sat Jul 01 16:50:25 UTC 2023,53,18,1
1688230227611,Sat Jul 01 16:50:27 UTC 2023,54,18,1
1688230229482,Sat Jul 01 16:50:29 UTC 2023,37,18,1
1688230231213,Sat Jul 01 16:50:31 UTC 2023,69,18,1
1688230234702,Sat Jul 01 16:50:34 UTC 2023,6,18,1
1688230237254,Sat Jul 01 16:50:37 UTC 2023,39,18,-1
1688230239101,Sat Jul 01 16:50:39 UTC 2023,48,18,1
1688230241361,Sat Jul 01 16:50:41 UTC 2023,59,18,1
1688230243169,Sat Jul 01 16:50:43 UTC 2023,62,18,1
1688230245824,Sat Jul 01 16:50:45 UTC 2023,58,18,1
1688230247723,Sat Jul 01 16:50:47 UTC 2023,70,18,-1
1688230249161,Sat Jul 01 16:50:49 UTC 2023,50,18,1
1688230250990,Sat Jul 01 16:50:50 UTC 2023,68,18,1
1688230252380,Sat Jul 01 16:50:52 UTC 2023,66,18,1
1688230254621,Sat Jul 01 16:50:54 UTC 2023,44,18,1
1688230256849,Sat Jul 01 16:50:56 UTC 2023,63,18,1
1688230258512,Sat Jul 01 16:50:58 UTC 2023,42,18,-1
1688230259715,Sat Jul 01 16:50:59 UTC 2023,52,18,1
1688230607593,Sat Jul 01 16:56:47 UTC 2023,59,19,0
1688230615632,Sat Jul 01 16:56:55 UTC 2023,57,19,1
1688230621215,Sat Jul 01 16:57:01 UTC 2023,24,19,1
1688230626559,Sat Jul 01 16:57:06 UTC 2023,41,19,1
1688230631667,Sat Jul 01 16:57:11 UTC 2023,6,19,-1
1688230635722,Sat Jul 01 16:57:15 UTC 2023,51,19,1
1688230639216,Sat Jul 01 16:57:19 UTC 2023,56,19,-1
1688230642868,Sat Jul 01 16:57:22 UTC 2023,66,19,1
1688230645920,Sat Jul 01 16:57:25 UTC 2023,67,19,1
1688230647902,Sat Jul 01 16:57:27 UTC 2023,64,18,1
1688230649686,Sat Jul 01 16:57:29 UTC 2023,41,18,1
1688230651710,Sat Jul 01 16:57:31 UTC 2023,46,18,1
1688230652057,Sat Jul 01 16:57:32 UTC 2023,47,19,1
1688230653311,Sat Jul 01 16:57:33 UTC 2023,61,18,-1
1688230655712,Sat Jul 01 16:57:35 UTC 2023,10,18,-1
1688230656967,Sat Jul 01 16:57:36 UTC 2023,45,18,1
1688230657001,Sat Jul 01 16:57:37 UTC 2023,70,19,1
1688230659207,Sat Jul 01 16:57:39 UTC 2023,47,18,1
1688230661013,Sat Jul 01 16:57:41 UTC 2023,51,18,1
1688230661744,Sat Jul 01 16:57:41 UTC 2023,63,19,1
1688230663183,Sat Jul 01 16:57:43 UTC 2023,56,18,-1
1688230664208,Sat Jul 01 16:57:44 UTC 2023,43,18,1
1688230666585,Sat Jul 01 16:57:46 UTC 2023,40,18,1
1688230668528,Sat Jul 01 16:57:48 UTC 2023,65,18,1
1688230669031,Sat Jul 01 16:57:49 UTC 2023,69,19,-1
1688230670411,Sat Jul 01 16:57:50 UTC 2023,60,18,-1
1688230672425,Sat Jul 01 16:57:52 UTC 2023,46,19,1
1688230675316,Sat Jul 01 16:57:55 UTC 2023,48,19,1
1688230678634,Sat Jul 01 16:57:58 UTC 2023,53,19,1
1688230684555,Sat Jul 01 16:58:04 UTC 2023,55,19,1
1688230690996,Sat Jul 01 16:58:10 UTC 2023,37,19,-1
1688230699919,Sat Jul 01 16:58:19 UTC 2023,10,19,-1
1688230709093,Sat Jul 01 16:58:29 UTC 2023,39,19,1
1688230712804,Sat Jul 01 16:58:32 UTC 2023,40,19,-1
1688230715240,Sat Jul 01 16:58:35 UTC 2023,54,19,1
1688230717113,Sat Jul 01 16:58:37 UTC 2023,50,19,1
1688230730022,Sat Jul 01 16:58:50 UTC 2023,64,19,1
1688230734318,Sat Jul 01 16:58:54 UTC 2023,43,19,1
1688230742375,Sat Jul 01 16:59:02 UTC 2023,60,19,0
1688230744834,Sat Jul 01 16:59:04 UTC 2023,58,19,1
1688230748591,Sat Jul 01 16:59:08 UTC 2023,52,19,1
1688230759918,Sat Jul 01 16:59:19 UTC 2023,65,19,1
1688230762050,Sat Jul 01 16:59:22 UTC 2023,45,19,1
1688230764512,Sat Jul 01 16:59:24 UTC 2023,42,19,1
1688230775990,Sat Jul 01 16:59:35 UTC 2023,68,19,1
1688230789441,Sat Jul 01 16:59:49 UTC 2023,62,19,-1
1688230796622,Sat Jul 01 16:59:56 UTC 2023,38,19,0
1688230801502,Sat Jul 01 17:00:01 UTC 2023,49,19,1
1688230806732,Sat Jul 01 17:00:06 UTC 2023,61,19,-1
1688230810087,Sat Jul 01 17:00:10 UTC 2023,44,19,1
1688287560671,Sun Jul 02 08:46:00 UTC 2023,62,20,1
1688287601315,Sun Jul 02 08:46:41 UTC 2023,77,20,1
1688345172987,Mon Jul 03 00:46:12 UTC 2023,24,21,1
1688345178567,Mon Jul 03 00:46:18 UTC 2023,70,21,-1
1688345181778,Mon Jul 03 00:46:21 UTC 2023,58,21,1
1688345185216,Mon Jul 03 00:46:25 UTC 2023,54,21,1
1688346201582,Mon Jul 03 01:03:21 UTC 2023,47,21,-1
1688346210377,Mon Jul 03 01:03:30 UTC 2023,10,21,-1
1688346218170,Mon Jul 03 01:03:38 UTC 2023,69,21,1
1688346223053,Mon Jul 03 01:03:43 UTC 2023,62,21,1
1688346225806,Mon Jul 03 01:03:45 UTC 2023,67,21,1
1688346234240,Mon Jul 03 01:03:54 UTC 2023,44,21,1
1688346240182,Mon Jul 03 01:04:00 UTC 2023,64,21,1
1688346254025,Mon Jul 03 01:04:14 UTC 2023,6,21,1
1688346263825,Mon Jul 03 01:04:23 UTC 2023,43,21,1
1688346266614,Mon Jul 03 01:04:26 UTC 2023,38,21,1
1688346273985,Mon Jul 03 01:04:33 UTC 2023,41,21,1
1688346288379,Mon Jul 03 01:04:48 UTC 2023,59,21,1
1688346292433,Mon Jul 03 01:04:52 UTC 2023,57,21,1
1688346303271,Mon Jul 03 01:05:03 UTC 2023,68,21,1
1688346306111,Mon Jul 03 01:05:06 UTC 2023,63,21,1
1688346308722,Mon Jul 03 01:05:08 UTC 2023,37,21,1
1688346344410,Mon Jul 03 01:05:44 UTC 2023,48,21,1
1688346348860,Mon Jul 03 01:05:48 UTC 2023,42,21,1
1688346354527,Mon Jul 03 01:05:54 UTC 2023,77,21,-1
1688346440407,Mon Jul 03 01:07:20 UTC 2023,55,21,1
1688346443947,Mon Jul 03 01:07:23 UTC 2023,49,21,1
1688346446874,Mon Jul 03 01:07:26 UTC 2023,46,21,1
1688346449440,Mon Jul 03 01:07:29 UTC 2023,50,21,1
1688346451553,Mon Jul 03 01:07:31 UTC 2023,52,21,1
1688346455181,Mon Jul 03 01:07:35 UTC 2023,56,21,1
1688346457893,Mon Jul 03 01:07:37 UTC 2023,65,21,1
1688346460156,Mon Jul 03 01:07:40 UTC 2023,66,21,1
1688346463724,Mon Jul 03 01:07:43 UTC 2023,39,21,1
1688346473112,Mon Jul 03 01:07:53 UTC 2023,45,21,1
1688346488667,Mon Jul 03 01:08:08 UTC 2023,60,21,1
1688346522972,Mon Jul 03 01:08:42 UTC 2023,61,21,1
1688346528362,Mon Jul 03 01:08:48 UTC 2023,53,21,1
1688346531417,Mon Jul 03 01:08:51 UTC 2023,40,21,1
1688346538493,Mon Jul 03 01:08:58 UTC 2023,51,21,1
1688351124482,Mon Jul 03 02:25:24 UTC 2023,77,18,0
1688354146481,Mon Jul 03 03:15:46 UTC 2023,47,22,1
1688354149358,Mon Jul 03 03:15:49 UTC 2023,48,22,1
1688354155633,Mon Jul 03 03:15:55 UTC 2023,69,22,1
1688354160534,Mon Jul 03 03:16:00 UTC 2023,62,22,1
1688354171460,Mon Jul 03 03:16:11 UTC 2023,51,22,-1
1688354176581,Mon Jul 03 03:16:16 UTC 2023,43,22,1
1688354180483,Mon Jul 03 03:16:20 UTC 2023,59,22,1
1688354183022,Mon Jul 03 03:16:23 UTC 2023,58,22,1
1688354189146,Mon Jul 03 03:16:29 UTC 2023,61,22,1
1688354194941,Mon Jul 03 03:16:34 UTC 2023,52,22,1
1688354197829,Mon Jul 03 03:16:37 UTC 2023,67,22,1
1688354208055,Mon Jul 03 03:16:48 UTC 2023,38,22,1
1688354223176,Mon Jul 03 03:17:03 UTC 2023,10,22,-1
1688354225839,Mon Jul 03 03:17:05 UTC 2023,55,22,1
1688354230216,Mon Jul 03 03:17:10 UTC 2023,54,22,1
1688354234914,Mon Jul 03 03:17:14 UTC 2023,66,22,1
1688354243583,Mon Jul 03 03:17:23 UTC 2023,70,22,-1
1688354247505,Mon Jul 03 03:17:27 UTC 2023,37,22,1
1688354251413,Mon Jul 03 03:17:31 UTC 2023,42,22,1
1688354287936,Mon Jul 03 03:18:07 UTC 2023,57,22,0
1688354290238,Mon Jul 03 03:18:10 UTC 2023,45,22,1
1688354292411,Mon Jul 03 03:18:12 UTC 2023,40,22,1
1688354294302,Mon Jul 03 03:18:14 UTC 2023,50,22,1
1688354297498,Mon Jul 03 03:18:17 UTC 2023,46,22,1
1688354299641,Mon Jul 03 03:18:19 UTC 2023,53,22,1
1688354302345,Mon Jul 03 03:18:22 UTC 2023,6,22,1
1688354306212,Mon Jul 03 03:18:26 UTC 2023,64,22,1
1688354312170,Mon Jul 03 03:18:32 UTC 2023,56,22,0
1688354315918,Mon Jul 03 03:18:35 UTC 2023,65,22,1
1688354320308,Mon Jul 03 03:18:40 UTC 2023,49,22,1
1688354324148,Mon Jul 03 03:18:44 UTC 2023,68,22,1
1688354328740,Mon Jul 03 03:18:48 UTC 2023,41,22,1
1688354334465,Mon Jul 03 03:18:54 UTC 2023,77,22,0
1688354345393,Mon Jul 03 03:19:05 UTC 2023,44,22,1
1688354347631,Mon Jul 03 03:19:07 UTC 2023,39,22,1
1688354350181,Mon Jul 03 03:19:10 UTC 2023,24,22,1
1688354352726,Mon Jul 03 03:19:12 UTC 2023,63,22,1
1688354358812,Mon Jul 03 03:19:18 UTC 2023,60,22,0
1688358192296,Mon Jul 03 04:23:12 UTC 2023,54,23,1
1688358193601,Mon Jul 03 04:23:13 UTC 2023,66,23,1
1688358193779,Mon Jul 03 04:23:13 UTC 2023,66,23,1
1688358194353,Mon Jul 03 04:23:14 UTC 2023,67,23,1
1688358194530,Mon Jul 03 04:23:14 UTC 2023,67,23,1
1688358195115,Mon Jul 03 04:23:15 UTC 2023,62,23,1
1688358195289,Mon Jul 03 04:23:15 UTC 2023,62,23,1
1688358195884,Mon Jul 03 04:23:15 UTC 2023,44,23,1
1688358196067,Mon Jul 03 04:23:16 UTC 2023,44,23,1
1688358196678,Mon Jul 03 04:23:16 UTC 2023,63,23,1
1688358196863,Mon Jul 03 04:23:16 UTC 2023,63,23,1
1688358197451,Mon Jul 03 04:23:17 UTC 2023,10,23,1
1688358197629,Mon Jul 03 04:23:17 UTC 2023,10,23,1
1688358198194,Mon Jul 03 04:23:18 UTC 2023,42,23,1
1688358198382,Mon Jul 03 04:23:18 UTC 2023,42,23,1
1688358198978,Mon Jul 03 04:23:18 UTC 2023,45,23,1
1688358199168,Mon Jul 03 04:23:19 UTC 2023,45,23,1
1688358199763,Mon Jul 03 04:23:19 UTC 2023,58,23,1
1688358199947,Mon Jul 03 04:23:19 UTC 2023,58,23,1
1688358200573,Mon Jul 03 04:23:20 UTC 2023,41,23,1
1688358200747,Mon Jul 03 04:23:20 UTC 2023,41,23,1
1688358200769,Mon Jul 03 04:23:20 UTC 2023,41,23,1
1688358201419,Mon Jul 03 04:23:21 UTC 2023,38,23,1
1688358201508,Mon Jul 03 04:23:21 UTC 2023,38,23,1
1688358202175,Mon Jul 03 04:23:22 UTC 2023,47,23,1
1688358203086,Mon Jul 03 04:23:23 UTC 2023,53,23,1
1688358204407,Mon Jul 03 04:23:24 UTC 2023,57,23,1
1688358204864,Mon Jul 03 04:23:24 UTC 2023,65,23,1
1688358205772,Mon Jul 03 04:23:25 UTC 2023,64,23,1
1688358206265,Mon Jul 03 04:23:26 UTC 2023,40,23,1
1688358207080,Mon Jul 03 04:23:27 UTC 2023,55,23,1
1688358207896,Mon Jul 03 04:23:27 UTC 2023,69,23,1
1688358208698,Mon Jul 03 04:23:28 UTC 2023,6,23,1
1688358209500,Mon Jul 03 04:23:29 UTC 2023,46,23,1
1688358210404,Mon Jul 03 04:23:30 UTC 2023,39,23,1
1688358210889,Mon Jul 03 04:23:30 UTC 2023,39,23,1
1688358211400,Mon Jul 03 04:23:31 UTC 2023,37,23,1
1688358219936,Mon Jul 03 04:23:39 UTC 2023,59,23,1
1688358220662,Mon Jul 03 04:23:40 UTC 2023,49,23,1
1688358221822,Mon Jul 03 04:23:41 UTC 2023,70,23,1
1688358223077,Mon Jul 03 04:23:43 UTC 2023,68,23,1
1688358223704,Mon Jul 03 04:23:43 UTC 2023,51,23,1
1688358224227,Mon Jul 03 04:23:44 UTC 2023,43,23,1
1688358224734,Mon Jul 03 04:23:44 UTC 2023,48,23,1
1688358225778,Mon Jul 03 04:23:45 UTC 2023,50,23,1
1688358226537,Mon Jul 03 04:23:46 UTC 2023,56,23,1
1688358227116,Mon Jul 03 04:23:47 UTC 2023,61,23,1
1688358227715,Mon Jul 03 04:23:47 UTC 2023,24,23,1
1688358228260,Mon Jul 03 04:23:48 UTC 2023,52,23,1
1688358228812,Mon Jul 03 04:23:48 UTC 2023,60,23,1
1688358229426,Mon Jul 03 04:23:49 UTC 2023,77,23,1
1688362300429,Mon Jul 03 05:31:40 UTC 2023,67,24,1
1688362301374,Mon Jul 03 05:31:41 UTC 2023,50,24,1
1688362914168,Mon Jul 03 05:41:54 UTC 2023,48,25,1
1688362914374,Mon Jul 03 05:41:54 UTC 2023,48,26,1
1688371811911,Mon Jul 03 08:10:11 UTC 2023,47,27,1
1688371816900,Mon Jul 03 08:10:16 UTC 2023,53,27,-1
1688371821910,Mon Jul 03 08:10:21 UTC 2023,59,27,0
1688375766751,Mon Jul 03 09:16:06 UTC 2023,44,28,0
1688375770458,Mon Jul 03 09:16:10 UTC 2023,58,28,-1
1688395126663,Mon Jul 03 14:38:46 UTC 2023,67,29,1
1688403046408,Mon Jul 03 16:50:46 UTC 2023,64,30,-1
1688403049421,Mon Jul 03 16:50:49 UTC 2023,57,30,-1
1688403054705,Mon Jul 03 16:50:54 UTC 2023,69,30,1
1688403070077,Mon Jul 03 16:51:10 UTC 2023,67,30,1
1688403072903,Mon Jul 03 16:51:12 UTC 2023,51,30,1
1688403077722,Mon Jul 03 16:51:17 UTC 2023,44,30,1
1688403080800,Mon Jul 03 16:51:20 UTC 2023,62,30,1
1688403085973,Mon Jul 03 16:51:25 UTC 2023,70,30,-1
1688403088935,Mon Jul 03 16:51:28 UTC 2023,54,30,1
1688403091961,Mon Jul 03 16:51:31 UTC 2023,39,30,1
1688403094839,Mon Jul 03 16:51:34 UTC 2023,61,30,1
1688403098135,Mon Jul 03 16:51:38 UTC 2023,48,30,1
1688403102551,Mon Jul 03 16:51:42 UTC 2023,68,30,1
1688403110377,Mon Jul 03 16:51:50 UTC 2023,42,30,0
1688403112420,Mon Jul 03 16:51:52 UTC 2023,63,30,1
1688403118961,Mon Jul 03 16:51:58 UTC 2023,43,30,1
1688403121805,Mon Jul 03 16:52:01 UTC 2023,10,30,1
1688403125443,Mon Jul 03 16:52:05 UTC 2023,53,30,1
1688403127209,Mon Jul 03 16:52:07 UTC 2023,65,30,1
1688403129392,Mon Jul 03 16:52:09 UTC 2023,46,30,1
1688403133210,Mon Jul 03 16:52:13 UTC 2023,38,30,1
1688403137951,Mon Jul 03 16:52:17 UTC 2023,58,30,-1
1688403140980,Mon Jul 03 16:52:20 UTC 2023,41,30,-1
1688403144071,Mon Jul 03 16:52:24 UTC 2023,6,30,1
1688403146447,Mon Jul 03 16:52:26 UTC 2023,50,30,1
1688403149803,Mon Jul 03 16:52:29 UTC 2023,66,30,1
1688403154480,Mon Jul 03 16:52:34 UTC 2023,40,30,1
1688403159243,Mon Jul 03 16:52:39 UTC 2023,59,30,1
1688403161406,Mon Jul 03 16:52:41 UTC 2023,37,30,1
1688403165131,Mon Jul 03 16:52:45 UTC 2023,60,30,-1
1688403171867,Mon Jul 03 16:52:51 UTC 2023,24,30,1
1688403181067,Mon Jul 03 16:53:01 UTC 2023,49,30,1
1688403183638,Mon Jul 03 16:53:03 UTC 2023,45,30,1
1688403186154,Mon Jul 03 16:53:06 UTC 2023,55,30,1
1688403189252,Mon Jul 03 16:53:09 UTC 2023,47,30,1
1688403191682,Mon Jul 03 16:53:11 UTC 2023,56,30,1
1688403194791,Mon Jul 03 16:53:14 UTC 2023,52,30,1
